{"mean": 3957.0071684587815, "std": 331.6764411250198}